"","模型","分布","Loglik","AIC","BIC"
"1","MSGARCH-1","norm",4503.49103848953,-9000.98207697907,-8982.90454694661
"2","MSGARCH-1","snorm",4457.12181371892,-8906.24362743785,-8882.14025406124
"3","MSGARCH-1","std",6014.21851742275,-12020.4370348455,-11996.3336614689
"4","MSGARCH-1","sstd",6038.97088202942,-12067.9417640588,-12037.8125473381
"5","MSGARCH-1","ged",5991.87630906709,-11975.7526181342,-11951.6492447576
"6","MSGARCH-1","sged",6029.4657939418,-12048.9315878836,-12018.8023711629
